{
  "GradientBoosting_TT": {
    "accuracy": 0.8544,
    "precision": 0.6507276507276507,
    "recall": 0.6149312377210217,
    "f1": 0.6323232323232323,
    "roc_auc": 0.8778590099455408
  },
  "GradientBoosting": {
    "accuracy": 0.872,
    "precision": 0.8,
    "recall": 0.4950884086444008,
    "f1": 0.6116504854368932,
    "roc_auc": 0.8778590099455408
  },
  "RandomForest": {
    "accuracy": 0.8352,
    "precision": 0.5796387520525451,
    "recall": 0.693516699410609,
    "f1": 0.631484794275492,
    "roc_auc": 0.8725897185665553
  },
  "LogReg(scaled)": {
    "accuracy": 0.7188,
    "precision": 0.3954741379310345,
    "recall": 0.7210216110019646,
    "f1": 0.510786360473208,
    "roc_auc": 0.7868206536486884
  },
  "Dummy(most_frequent)": {
    "accuracy": 0.7964,
    "precision": 0.0,
    "recall": 0.0,
    "f1": 0.0,
    "roc_auc": 0.5
  }
}